{"R": 134.47012873572098, "G": 109.04868762097014, "B": 97.2992681186401}